first_name,last_name,email,gender,ip_address
Guenna,Gianuzzi,ggianuzzi0@smugmug.com,Female,117.205.239.88
Ganny,Janiszewski,gjaniszewski1@lycos.com,Male,132.60.115.13
Shelby,Demetr,sdemetr2@spiegel.de,Male,236.237.211.173
Gerda,Pentycost,gpentycost3@nhs.uk,Female,247.190.6.28
Cirstoforo,Chew,cchew4@wisc.edu,Male,181.185.102.117
Debbie,Scarman,dscarman5@ask.com,Female,152.177.63.189
Leicester,Nutley,lnutley6@dot.gov,Male,212.221.153.107
Phillis,Lowles,plowles7@bigcartel.com,Female,239.163.40.231
Bearnard,Labadini,blabadini8@google.es,Male,192.63.194.55
Eduard,Rozec,erozec9@bluehost.com,Male,229.86.182.124
Loralyn,Carme,lcarmea@trellian.com,Female,223.85.103.241
Skelly,Brusle,sbrusleb@edublogs.org,Male,122.22.77.19
Torey,Favela,tfavelac@wufoo.com,Male,6.56.116.7
Albertine,Streetfield,astreetfieldd@oracle.com,Female,244.216.118.106
Waldemar,Tessyman,wtessymane@sogou.com,Male,226.66.61.234
Dale,Cranch,dcranchf@github.com,Male,32.149.133.70
Agosto,Joontjes,ajoontjesg@mapquest.com,Male,70.33.115.221
Giffie,Kingh,gkinghh@mozilla.com,Male,40.242.126.144
Madonna,Vallentine,mvallentinei@wunderground.com,Female,125.225.225.193
Stafani,Zannotti,szannottij@topsy.com,Female,221.50.54.12
Bobbe,Barrows,bbarrowsk@ehow.com,Female,36.53.81.118
Jackson,Seldner,jseldnerl@zimbio.com,Male,98.111.145.246
Teddy,Hamley,thamleym@networkadvertising.org,Female,193.159.22.171
Jaimie,Canto,jcanton@europa.eu,Male,201.44.48.250
Granthem,Wippermann,gwippermanno@sfgate.com,Male,98.152.125.75
Mureil,Linck,mlinckp@whitehouse.gov,Female,141.73.166.150
Waverley,Neenan,wneenanq@timesonline.co.uk,Male,70.141.189.97
Ava,Maffezzoli,amaffezzolir@tuttocitta.it,Female,63.181.122.65
Olvan,Vakhrushev,ovakhrushevs@yellowbook.com,Male,251.30.245.70
Lina,Capstaff,lcapstafft@ovh.net,Female,63.211.111.137
Janot,Lody,jlodyu@yale.edu,Female,176.93.225.241
Gilbertine,Pluvier,gpluvierv@booking.com,Female,148.168.72.151
Kenon,Schulken,kschulkenw@kickstarter.com,Male,216.15.84.108
Marcelline,Stokell,mstokellx@jiathis.com,Female,176.237.46.195
Devin,Clausewitz,dclausewitzy@bluehost.com,Male,71.150.154.145
Emlen,Pacht,epachtz@vistaprint.com,Male,112.74.241.44
Puff,Cowing,pcowing10@domainmarket.com,Male,37.200.78.107
Laughton,Candish,lcandish11@google.co.jp,Male,234.71.18.88
Case,Niesegen,cniesegen12@aboutads.info,Male,163.123.187.63
Sarena,Stallworth,sstallworth13@bandcamp.com,Female,197.63.231.23
Kim,Bisgrove,kbisgrove14@ezinearticles.com,Male,234.56.56.97
Tremaine,McClifferty,tmcclifferty15@samsung.com,Male,167.198.154.225
Dotti,Redsall,dredsall16@baidu.com,Female,240.242.3.124
Doris,Le Guin,dleguin17@ezinearticles.com,Female,2.128.203.198
Roze,Sailor,rsailor18@yellowbook.com,Female,250.156.33.40
Filip,Flatley,fflatley19@photobucket.com,Male,171.105.151.98
Arv,Ruckledge,aruckledge1a@berkeley.edu,Male,21.20.218.97
Veradis,Hemerijk,vhemerijk1b@ft.com,Female,82.122.145.246
Mabel,Koppeck,mkoppeck1c@ucoz.ru,Female,37.248.47.98
Valaree,McLarens,vmclarens1d@accuweather.com,Female,207.223.171.14
Kippy,Behn,kbehn1e@diigo.com,Male,133.173.35.68
Melly,Delouch,mdelouch1f@twitpic.com,Female,120.47.1.49
Dwayne,Dalling,ddalling1g@ow.ly,Male,137.94.45.206
Hadrian,Josse,hjosse1h@bandcamp.com,Male,159.88.228.168
Kizzee,Korpal,kkorpal1i@army.mil,Female,250.2.3.87
Cristen,Schachter,cschachter1j@va.gov,Female,197.200.76.136
Calvin,Woffenden,cwoffenden1k@feedburner.com,Male,173.24.17.48
Hamlen,Southerden,hsoutherden1l@cnn.com,Male,65.221.242.133
Risa,Carine,rcarine1m@cloudflare.com,Female,201.169.106.250
Alexis,Bouchier,abouchier1n@newyorker.com,Male,144.176.157.216
Leshia,Lammerts,llammerts1o@mlb.com,Female,236.141.59.211
Ellene,Pulhoster,epulhoster1p@theglobeandmail.com,Female,160.110.105.157
Spenser,Mc Grath,smcgrath1q@goodreads.com,Male,44.215.122.189
Burty,Rewcassell,brewcassell1r@theatlantic.com,Male,173.19.110.133
Katherina,Snalum,ksnalum1s@com.com,Female,108.249.190.77
Rance,Vaisey,rvaisey1t@yelp.com,Male,55.127.236.50
Ernst,Sharville,esharville1u@shutterfly.com,Male,190.37.102.42
Jandy,Pheasant,jpheasant1v@xinhuanet.com,Female,1.176.135.251
Devin,Wightman,dwightman1w@cornell.edu,Male,70.96.129.83
Rosmunda,Emby,remby1x@time.com,Female,22.69.123.44
Roarke,Kingswoode,rkingswoode1y@symantec.com,Male,78.156.117.199
Drucill,Woodvine,dwoodvine1z@flickr.com,Female,121.152.77.110
Maje,Bernardot,mbernardot20@youtu.be,Male,59.255.106.52
Moore,Brereton,mbrereton21@dailymotion.com,Male,240.246.212.167
Lenna,Mordy,lmordy22@linkedin.com,Female,247.90.245.39
Rocky,Gierth,rgierth23@miitbeian.gov.cn,Male,198.189.196.132
Anderson,O'Sheeryne,aosheeryne24@nifty.com,Male,92.87.15.218
Gaile,Menham,gmenham25@yellowpages.com,Male,28.167.240.86
Tris,Rumbelow,trumbelow26@wordpress.org,Male,4.95.128.65
Odilia,Greep,ogreep27@newsvine.com,Female,191.188.163.67
Daloris,Coopland,dcoopland28@dagondesign.com,Female,146.157.101.156
Hamil,Else,helse29@theglobeandmail.com,Male,27.9.77.213
Peter,Fullstone,pfullstone2a@shutterfly.com,Male,252.215.81.130
Ruthy,Formie,rformie2b@github.io,Female,140.65.20.1
Nelia,Duckitt,nduckitt2c@aboutads.info,Female,181.147.12.160
Joyce,Ashfull,jashfull2d@ucoz.ru,Female,80.170.210.12
Pate,Groarty,pgroarty2e@posterous.com,Male,181.156.199.36
Aharon,Viscovi,aviscovi2f@tinypic.com,Male,233.126.139.198
Dalt,Flowerdew,dflowerdew2g@tripod.com,Male,94.151.64.246
Kalie,Romero,kromero2h@smh.com.au,Female,114.26.220.150
Timoteo,Williamson,twilliamson2i@drupal.org,Male,82.159.6.192
Guenna,Fyldes,gfyldes2j@myspace.com,Female,183.190.19.250
Helsa,Hirtzmann,hhirtzmann2k@indiatimes.com,Female,251.191.107.133
Kenneth,Plomer,kplomer2l@ameblo.jp,Male,53.200.173.199
Yovonnda,Brum,ybrum2m@ibm.com,Female,247.254.156.111
Gregory,Palfreyman,gpalfreyman2n@smugmug.com,Male,247.149.224.134
Tracy,Spincke,tspincke2o@foxnews.com,Female,124.58.88.55
Pavlov,Petrulis,ppetrulis2p@goo.gl,Male,91.188.218.231
Halsy,Paulton,hpaulton2q@blogs.com,Male,115.13.145.54
Allissa,Watkin,awatkin2r@amazon.co.uk,Female,175.224.144.140
